Class,Message,,,,,,,,,,
prsnl,"Hi [Name], just wanted to say hello and check in on how you're doing.",,,,,,,,,,
prsnl,I hope this message finds you well. I've been thinking about you and wanted to say hi.,,,,,,,,,,
prsnl,Happy birthday! Hope you have an amazing day filled with joy and celebration.,,,,,,,,,,
prsnl,Thanks for being such a great friend. I really appreciate your support and kindness.,,,,,,,,,,
,,,,,,,,,,,
prsnl,I miss you and can't wait until we can hang out again.,,,,,,,,,,
,,,,,,,,,,,
prsnl,Just wanted to send a quick message to say thank you for all that you do. You're amazing!,,,,,,,,,,
,,,,,,,,,,,
prsnl,How's everything going with work/school/family/etc.? Let me know if there's anything I can do to help.,,,,,,,,,,
,,,,,,,,,,,
prsnl,I heard about your recent accomplishment and just wanted to say congratulations!,,,,,,,,,,
,,,,,,,,,,,
prsnl,I've been feeling a bit down lately and could use some encouragement. Would you be willing to chat or hang out soon?,,,,,,,,,,
,,,,,,,,,,,
prsnl,It's been too long since we last caught up. Let's plan a time to get together soon.,,,,,,,,,,
,,,,,,,,,,,
prsnl,I'm so grateful to have you in my life. You make everything better.,,,,,,,,,,
,,,,,,,,,,,
prsnl,Thinking of you and sending good vibes your way.,,,,,,,,,,
,,,,,,,,,,,
prsnl,I can't stop thinking about that funny thing you said/did the other day. You always make me laugh.,,,,,,,,,,
,,,,,,,,,,,
prsnl,I've been meaning to tell you how much I appreciate your friendship. You always know how to make me feel better.,,,,,,,,,,
,,,,,,,,,,,
prsnl,Congratulations on your new job/apartment/relationship/etc.! So happy for you.,,,,,,,,,,
,,,,,,,,,,,
prsnl,I've been struggling with [issue] lately and was wondering if you had any advice or tips.,,,,,,,,,,
,,,,,,,,,,,
prsnl,I wanted to apologize for my behavior the other day. I know I was out of line and shouldn't have said what I did.,,,,,,,,,,
,,,,,,,,,,,
prsnl,I'm going through a tough time right now and could use some extra support. Would you be willing to listen or lend a shoulder to cry on?,,,,,,,,,,
,,,,,,,,,,,
prsnl,Just wanted to say thank you for being there for me during [difficult time]. Your support meant the world to me.,,,,,,,,,,
,,,,,,,,,,,
prsnl,I'm sorry to hear about what you're going through. Please know that I'm here for you if you ever need to talk or vent.,,,,,,,,,,
,,,,,,,,,,,
prsnl,Happy anniversary! Wishing you and [partner's name] all the best.,,,,,,,,,,
,,,,,,,,,,,
prsnl,You're such an inspiration to me. Thank you for being such a positive role model.,,,,,,,,,,
,,,,,,,,,,,
prsnl,I hope you're having a great day so far. Sending lots of love and good energy your way.,,,,,,,,,,
,,,,,,,,,,,
prsnl,It's been ages since we last caught up. Let's schedule a phone call or video chat soon.,,,,,,,,,,
,,,,,,,,,,,
prsnl,I wanted to say thank you for your help with [project/task]. I couldn't have done it without you.,,,,,,,,,,
,,,,,,,,,,,
prsnl,I'm so proud of you for [accomplishment]. Keep up the amazing work!,,,,,,,,,,
,,,,,,,,,,,
prsnl,You always know how to make me feel better. Thanks for being such a great listener.,,,,,,,,,,
,,,,,,,,,,,
prsnl,Just wanted to remind you how amazing you are. Keep shining!,,,,,,,,,,
,,,,,,,,,,,
prsnl,I miss our conversations and can't wait until we can chat again.,,,,,,,,,,
,,,,,,,,,,,
prsnl,Sending you a virtual hug! Hope you're doing well.,,,,,,,,,,
,,,,,,,,,,,
prsnl,I'm so lucky to have you as my friend/partner/family member/etc.,,,,,,,,,,
,,,,,,,,,,,
prsnl,You're so talented and creative. Keep pursuing your passions!,,,,,,,,,,
,,,,,,,,,,,
prsnl,How's your day going so far? Anything exciting happening?,,,,,,,,,,
,,,,,,,,,,,
prsnl,"Thanks for always being there for me, even when things get tough.",,,,,,,,,,
,,,,,,,,,,,
prsnl,I appreciate your honesty and openness. It means a lot to me.,,,,,,,,,,
,,,,,,,,,,,
prsnl,Thinking of you and wishing you all the best.,,,,,,,,,,
,,,,,,,,,,,
prsnl,I'm sorry if I've been distant lately. I've been going through a lot,,,,,,,,,,
prsnl,You're such an amazing [parent/child/sibling/etc.]. Your love and support mean the world to me.,,,,,,,,,,
,,,,,,,,,,,
prsnl,Let's plan a movie night or game night soon. I could use some fun and relaxation with you.,,,,,,,,,,
,,,,,,,,,,,
prsnl,"I'm sorry if I've been distant lately. It's not you, it's me. I'm going through some personal stuff and trying to figure things out.",,,,,,,,,,
,,,,,,,,,,,
prsnl,You have such a kind and generous heart. Thank you for being such a giving person.,,,,,,,,,,
,,,,,,,,,,,
prsnl,I'm here to cheer you on and celebrate your accomplishments. You deserve all the success in the world.,,,,,,,,,,
,,,,,,,,,,,
prsnl,Just wanted to let you know that I appreciate you and all that you do.,,,,,,,,,,
,,,,,,,,,,,
prsnl,Let's plan a day trip or weekend getaway soon. Adventure awaits!,,,,,,,,,,
,,,,,,,,,,,
prsnl,I'm sorry for my part in our disagreement. Can we talk and find a resolution?,,,,,,,,,,
,,,,,,,,,,,
prsnl,You're such a strong and resilient person. I know you'll get through whatever challenges come your way.,,,,,,,,,,
,,,,,,,,,,,
prsnl,Thanks for being my rock and always there for me when I need it.,,,,,,,,,,
,,,,,,,,,,,
prsnl,I'm sorry if I've been neglecting our friendship lately. Let's catch up soon.,,,,,,,,,,
,,,,,,,,,,,
prsnl,You're such a great listener and always know just what to say. Thank you for being a supportive friend.,,,,,,,,,,
,,,,,,,,,,,
prsnl,I hope you're taking time for self-care and doing things that bring you joy and peace.,,,,,,,,,,
,,,,,,,,,,,
prsnl,Just wanted to send some virtual hugs your way. You're not alone and I'm here for you.,,,,,,,,,,
,,,,,,,,,,,
prsnl,I'm proud of you for pursuing your dreams and passions. Keep going!,,,,,,,,,,
,,,,,,,,,,,
prsnl,Let's plan a fun workout or fitness class together soon. Motivation and accountability are key.,,,,,,,,,,
,,,,,,,,,,,
prsnl,I'm sorry for my part in the miscommunication. Let's work together to clear things up.,,,,,,,,,,
,,,,,,,,,,,
prsnl,You have such a warm and welcoming presence. Thank you for making everyone feel included and valued.,,,,,,,,,,
,,,,,,,,,,,
prsnl,I hope you're having a great day and know that you're making a positive impact in the world.,,,,,,,,,,
,,,,,,,,,,,
prsnl,Just wanted to send a message of gratitude your way. Thank you for being such an important part of my life.,,,,,,,,,,
,,,,,,,,,,,
prsnl,Let's plan a cooking or baking day soon. Deliciousness awaits!,,,,,,,,,,
,,,,,,,,,,,
prsnl,I'm sorry if I've been short-tempered lately. I'm dealing with a lot and trying to manage my emotions better.,,,,,,,,,,
,,,,,,,,,,,
prsnl,You have such a beautiful soul and radiate positivity and kindness. Keep shining your light.,,,,,,,,,,
,,,,,,,,,,,
prsnl,I hope you're taking time to rest and recharge. Your well-being is important.,,,,,,,,,,
,,,,,,,,,,,
prsnl,Just wanted to remind you that you're loved and appreciated. Keep being you,,,,,,,,,,
otp,Your OTP for transaction is: 123456. Please do not share this with anyone.,,,,,,,,,,
otp,Enter 1234 to confirm your identity for the transaction.,,,,,,,,,,
otp,Use 5678 as your one-time password to complete the transaction.,,,,,,,,,,
otp,Your verification code for account login is: 9876.,,,,,,,,,,
otp,Please enter the OTP 3456 to complete your purchase.,,,,,,,,,,
otp,Your security code for this transaction is: 2345. Do not share this with anyone.,,,,,,,,,,
otp,Enter 8901 to verify your identity for the transaction.,,,,,,,,,,
otp,One-time password for your account recovery is: 4567. Keep this safe and do not share with anyone.,,,,,,,,,,
otp,Use 6789 to complete your online payment. This OTP is valid for 10 minutes.,,,,,,,,,,
otp,Your OTP for login is: 7890. Please keep it safe and do not share it with anyone.,,,,,,,,,,
otp,Use 2345 to complete your online purchase. This OTP is valid for 5 minutes only.,,,,,,,,,,
otp,Your one-time password for account activation is: 3456. Please enter this code to activate your account.,,,,,,,,,,
otp,Your verification code for password reset is: 4567. Please use this code to reset your password.,,,,,,,,,,
otp,One-time password for your transaction is: 5678. Do not share this with anyone.,,,,,,,,,,
otp,Enter 6789 to verify your identity for the transaction. This OTP is valid for 10 minutes.,,,,,,,,,,
otp,Your OTP for two-factor authentication is: 7890. Please enter this code to proceed with the login.,,,,,,,,,,
otp,Use 8901 as your one-time password to complete your online payment.,,,,,,,,,,
otp,Your security code for this transaction is: 9012. Please keep this code safe and do not share it with anyone.,,,,,,,,,,
otp,One-time password for account recovery is: 0123. Please enter this code to recover your account.,,,,,,,,,,
otp,Your OTP for mobile verification is: 1234. Please enter this code to verify your mobile number.,,,,,,,,,,
otp,Your verification code for account registration is: 2345. This code will expire in 5 minutes.,,,,,,,,,,
otp,Use 3456 as your one-time password to complete the payment process. Do not share this code with anyone.,,,,,,,,,,
otp,Your OTP for online authentication is: 4567. Please enter this code to verify your identity.,,,,,,,,,,
otp,Enter 5678 to confirm your purchase. This code is valid for 10 minutes.,,,,,,,,,,
otp,One-time password for transaction verification is: 6789. Please enter this code to proceed.,,,,,,,,,,
otp,Your security code for account access is: 7890. Keep this code secure and do not share it with anyone.,,,,,,,,,,
otp,Use 8901 to complete your account activation. This code will expire in 5 minutes.,,,,,,,,,,
otp,Your OTP for secure login is: 9012. Please enter this code to access your account.,,,,,,,,,,
otp,One-time password for two-factor authentication is: 0123. Please use this code to confirm your identity.,,,,,,,,,,
otp,Your verification code for password change is: 1234. This code is valid for 10 minutes,,,,,,,,,,
otp,Use 2345 to complete your online transaction. This OTP is valid for 10 minutes only.,,,,,,,,,,
otp,Your one-time password for account verification is: 3456. Please enter this code to verify your account.,,,,,,,,,,
otp,Your verification code for login is: 4567. Please use this code to log in to your account.,,,,,,,,,,
otp,Enter 5678 to confirm your identity for the transaction. This code will expire in 5 minutes.,,,,,,,,,,
otp,Your OTP for account recovery is: 6789. Please enter this code to recover your account.,,,,,,,,,,
otp,One-time password for purchase verification is: 7890. Please use this code to complete the purchase.,,,,,,,,,,
otp,Use 8901 as your one-time password to confirm your identity. This code is valid for 10 minutes.,,,,,,,,,,
otp,Your security code for transaction approval is: 9012. Please enter this code to approve the transaction.,,,,,,,,,,
otp,Your OTP for two-step verification is: 0123. Please enter this code to complete the verification process.,,,,,,,,,,
otp,Your verification code for phone number verification is: 1234. Please enter this code to verify your phone number.,,,,,,,,,,
health,"Regular exercise is essential for maintaining good health and preventing chronic diseases such as obesity, diabetes, and heart disease.",,,,,,,,,,
health,"Eating a balanced diet rich in fruits, vegetables, whole grains, and lean protein can help you maintain a healthy weight and reduce your risk of chronic diseases.",,,,,,,,,,
health,"Getting enough sleep is crucial for good health, as it can help improve memory, concentration, and mood while reducing the risk of obesity, heart disease, and other health problems.",,,,,,,,,,
health,"Stress management techniques such as meditation, yoga, and deep breathing can help reduce stress and promote overall health and well-being.",,,,,,,,,,
health,"Regular health check-ups with your doctor can help detect health problems early on, increasing your chances of successful treatment and recovery.",,,,,,,,,,
health,"Quitting smoking can help improve your health and reduce your risk of developing serious health problems such as lung cancer, heart disease, and stroke.",,,,,,,,,,
health,"Limiting alcohol consumption to moderate levels can help reduce the risk of liver disease, high blood pressure, and other health problems.",,,,,,,,,,
health,Practicing safe sex and getting regular STD screenings can help prevent the spread of sexually transmitted diseases and protect your overall health.,,,,,,,,,,
health,"Maintaining good oral hygiene by brushing and flossing regularly can help prevent tooth decay, gum disease, and other oral health problems.",,,,,,,,,,
health,"Vaccinations can help protect against a variety of serious illnesses, including influenza, pneumonia, and hepatitis.",,,,,,,,,,
health,Regular exercise can help improve mental health by reducing anxiety and depression and boosting self-esteem and mood.,,,,,,,,,,
health,"Maintaining a healthy weight can help reduce the risk of a variety of health problems, including diabetes, heart disease, and certain types of cancer.",,,,,,,,,,
health,"Drinking plenty of water can help keep your body hydrated, which is essential for good health and proper bodily function.",,,,,,,,,,
health,"Getting regular eye exams can help detect eye problems early on, increasing the chances of successful treatment and preservation of vision.",,,,,,,,,,
health,"Practicing good hand hygiene, such as washing your hands regularly and thoroughly, can help prevent the spread of germs and reduce the risk of illness.",,,,,,,,,,
health,"Getting regular exercise can help strengthen bones and muscles, reducing the risk of osteoporosis and other musculoskeletal problems.",,,,,,,,,,
health,"Good oral health is essential for overall health, as it can help prevent gum disease, tooth decay, and other oral health problems that can contribute to overall health problems.",,,,,,,,,,
health,"Managing chronic conditions such as diabetes, heart disease, and arthritis can help reduce the risk of complications and improve overall health and quality of life.",,,,,,,,,,
health,"Regular skin exams can help detect skin cancer early on, increasing the chances of successful treatment and recovery.",,,,,,,,,,
health,"Adequate sleep is essential for good health, as it can help improve mood, memory, and cognitive function while reducing the risk of chronic diseases such as heart disease and obesity.",,,,,,,,,,
health,Drinking plenty of water can help flush toxins from the body and improve overall health and well-being.,,,,,,,,,,
health,"Maintaining a healthy diet can help reduce the risk of a variety of health problems, including obesity, heart disease, and certain types of cancer.",,,,,,,,,,
health,"Reducing exposure to environmental toxins, such as pollution and chemicals, can help protect overall health and reduce the risk of chronic diseases.",,,,,,,,,,
health,"Practicing good oral hygiene can help prevent bad breath, tooth decay, and other oral health problems that can impact overall health and well-being.",,,,,,,,,,
health,"Getting regular physical activity can help improve cardiovascular health and reduce the risk of heart disease, stroke, and other cardiovascular problems.",,,,,,,,,,
health,"Managing stress through relaxation techniques such as meditation, deep breathing, and yoga can help improve overall health and reduce the risk of chronic diseases.",,,,,,,,,,
health,"Getting enough vitamin D, either through exposure to sunlight or supplements, can help improve bone health and reduce the risk of osteoporosis and other bone disorders.",,,,,,,,,,
health,Practicing safe sun,,,,,,,,,,
health,Maintaining a healthy gut microbiome through a balanced diet and probiotic supplements can help improve overall health and reduce the risk of gastrointestinal problems.,,,,,,,,,,
health,"Regular breast exams and mammograms can help detect breast cancer early on, increasing the chances of successful treatment and recovery.",,,,,,,,,,
health,"Taking steps to reduce stress, such as practicing mindfulness and engaging in relaxing activities, can help improve mental health and reduce the risk of stress-related health problems.",,,,,,,,,,
health,"Eating foods high in antioxidants, such as berries and leafy greens, can help reduce inflammation and protect against chronic diseases such as cancer and heart disease.",,,,,,,,,,
health,Maintaining good posture and engaging in regular stretching can help reduce the risk of back pain and other musculoskeletal problems.,,,,,,,,,,
health,"Practicing good hygiene, such as washing hands frequently and covering coughs and sneezes, can help prevent the spread of illnesses and reduce the risk of infection.",,,,,,,,,,
health,Engaging in regular social activities and maintaining strong relationships can help improve mental health and reduce the risk of depression and anxiety.,,,,,,,,,,
health,Avoiding excessive exposure to ultraviolet (UV) radiation from the sun and tanning beds can help reduce the risk of skin cancer and other skin problems.,,,,,,,,,,
health,Limiting exposure to harmful substances such as tobacco smoke and air pollution can help protect overall health and reduce the risk of chronic diseases.,,,,,,,,,,
health,"Engaging in regular cardiovascular exercise, such as running or cycling, can help improve heart health and reduce the risk of heart disease.",,,,,,,,,,
health,Regularly cleaning and disinfecting surfaces can help prevent the spread of germs and reduce the risk of infection.,,,,,,,,,,
health,"Taking breaks from prolonged sitting and engaging in regular physical activity can help reduce the risk of obesity, heart disease, and other health problems.",,,,,,,,,,
health,"Maintaining good mental health through therapy, medication, or other means can help improve overall health and reduce the risk of mental health problems.",,,,,,,,,,
health,"Eating foods high in fiber, such as whole grains and vegetables, can help promote good digestion and reduce the risk of gastrointestinal problems.",,,,,,,,,,
health,"Regularly practicing relaxation techniques, such as deep breathing or progressive muscle relaxation, can help reduce stress and improve overall health.",,,,,,,,,,
health,"Taking steps to reduce the risk of falls, such as removing tripping hazards and improving balance through exercise, can help reduce the risk of injuries and improve overall health.",,,,,,,,,,
health,Maintaining good hearing health through regular check-ups and protection from loud noises can help improve overall health and reduce the risk of hearing loss.,,,,,,,,,,
health,"Taking steps to reduce the risk of infection, such as getting vaccinated and practicing good hygiene, can help protect overall health and reduce the risk of illness.",,,,,,,,,,
health,Engaging in regular strength training exercises can help improve muscle tone and reduce the risk of age-related muscle loss.,,,,,,,,,,
health,Maintaining good foot health through proper footwear and regular check-ups can help reduce the risk of foot problems and improve overall health.,,,,,,,,,,
health,"Practicing good dental hygiene, such as flossing and using fluoride toothpaste, can help prevent tooth decay and reduce the risk of gum disease.",,,,,,,,,,
health,Maintaining good eye health through regular check-ups and protection from UV radiation can help protect vision and reduce the risk of eye problems.,,,,,,,,,,
health,"Eating foods rich in omega-3 fatty acids, such as fish and nuts, can help reduce inflammation and protect against chronic diseases such as heart disease and arthritis.",,,,,,,,,,
health,Engaging in regular meditation or mindfulness practices can help reduce stress and improve overall mental health.,,,,,,,,,,
health,Maintaining good hydration through drinking water and other fluids can help improve overall health and reduce the risk of dehydration-related health problems.,,,,,,,,,,
health,"Getting regular physical activity can help improve balance and reduce the risk of falls, especially in older adults.",,,,,,,,,,
health,"Taking steps to reduce exposure to environmental allergens, such as pollen and dust mites, can help reduce the",,,,,,,,,,
health,Maintaining a healthy weight through a balanced diet and regular exercise can help reduce the risk of chronic diseases such as diabetes and heart disease.,,,,,,,,,,
health,"Engaging in regular cardiovascular exercise, such as swimming or brisk walking, can help improve lung function and reduce the risk of respiratory problems.",,,,,,,,,,
health,"Taking steps to reduce exposure to toxins such as lead, and mercury can help protect overall health and reduce the risk of toxic exposure-related health problems.",,,,,,,,,,
health,"Practicing good sleep hygiene, such as maintaining a consistent sleep schedule and avoiding electronics before bed, can help improve overall health and reduce the risk of sleep-related health problems.",,,,,,,,,,
health,"Eating a varied and balanced diet that includes a variety of fruits, vegetables, whole grains, and lean protein can help provide essential nutrients and promote overall health.",,,,,,,,,,
health,Engaging in regular strength training exercises can help improve bone density and reduce the risk of osteoporosis and fractures.,,,,,,,,,,
health,"Regularly visiting a primary care physician for check-ups and preventative screenings can help detect and treat health problems early on, improving overall health outcomes.",,,,,,,,,,
health,Taking steps to reduce exposure to noise pollution can help protect hearing and reduce the risk of noise-induced hearing loss.,,,,,,,,,,
health,"Engaging in regular self-care activities, such as taking a relaxing bath or reading a book, can help reduce stress and improve overall mental health.",,,,,,,,,,
health,Avoiding excessive consumption of alcohol and limiting intake to moderate levels can help protect overall health and reduce the risk of alcohol-related health problems.,,,,,,,,,,
health,Practicing safe sex using condoms and regular STI testing can help reduce the risk of sexually transmitted infections and protect overall sexual health.,,,,,,,,,,
health,"Engaging in regular creative activities, such as painting or writing, can help reduce stress and improve overall mental health.",,,,,,,,,,
health,Taking steps to reduce exposure to environmental toxins such as pesticides can help protect overall health and reduce the risk of toxic exposure-related health problems.,,,,,,,,,,
health,Engaging in regular stretching exercises can help improve flexibility and reduce the risk of injuries and musculoskeletal problems.,,,,,,,,,,
health,Taking steps to reduce exposure to electromagnetic radiation from electronic devices can help protect overall health and reduce the risk of electromagnetic sensitivity-related health problems.,,,,,,,,,,
health,Engaging in regular social activities and maintaining strong relationships with friends and family can help reduce feelings of loneliness and improve overall mental health.,,,,,,,,,,
health,Avoiding excessive consumption of sugary and processed foods can help protect overall health and reduce the risk of obesity and chronic diseases such as diabetes.,,,,,,,,,,
health,"Engaging in regular aerobic exercise, such as dancing or cycling, can help improve cardiovascular health and reduce the risk of heart disease.",,,,,,,,,,
health,Taking steps to reduce exposure to environmental pollutants such as smog can help protect overall health and reduce the risk of respiratory problems.,,,,,,,,,,
health,"Practicing good hand hygiene, such as washing hands frequently and using hand sanitizer, can help prevent the spread of germs and reduce the risk of infection.",,,,,,,,,,
health,"Engaging in regular mindfulness practices, such as yoga or meditation, can help reduce stress and improve overall mental health.",,,,,,,,,,
health,Taking steps to reduce exposure to toxic chemicals in household cleaning products can help protect overall health and reduce the risk of toxic exposure-related health problems.,,,,,,,,,,
health,"Engaging in regular activities that challenge the brain, such as puzzles or learning a new language, can help improve cognitive function and reduce the risk of age-related cognitive decline.",,,,,,,,,,
health,Taking steps to reduce exposure to air pollutants such as cigarette smoke can help protect overall health and reduce the risk of respiratory problems.,,,,,,,,,,
health,"Practicing good oral hygiene, such as brushing and flossing regularly, can help prevent tooth decay and gum disease and reduce the risk of related health problems.",,,,,,,,,,
health,"Engaging in regular outdoor activities, such as hiking or gardening, can help improve overall health and reduce the risk of chronic diseases.",,,,,,,,,,
health,Taking steps to reduce,,,,,,,,,,
health,Practicing good posture and taking breaks from prolonged sitting can help reduce the risk of back pain and related musculoskeletal problems.,,,,,,,,,,
health,Engaging in regular resistance training exercises can help improve muscle strength and reduce the risk of falls and related injuries in older adults.,,,,,,,,,,
health,Taking steps to reduce exposure to indoor air pollutants such as mold can help protect overall health and reduce the risk of respiratory problems.,,,,,,,,,,
health,Practicing good hygiene habits such as washing hands frequently and covering your mouth and nose when coughing or sneezing can help prevent the spread of infectious diseases.,,,,,,,,,,
health,Engaging in regular relaxation techniques such as deep breathing or progressive muscle relaxation can help reduce stress and improve overall mental health.,,,,,,,,,,
health,Taking steps to reduce exposure to excessive UV radiation from the sun or tanning beds can help protect skin health and reduce the risk of skin cancer.,,,,,,,,,,
health,Practicing safe driving habits such as wearing a seatbelt and avoiding distracted driving can help reduce the risk of injuries and fatalities in car accidents.,,,,,,,,,,
health,"Engaging in regular physical activity can help improve overall fitness and reduce the risk of chronic diseases such as obesity, diabetes, and heart disease.",,,,,,,,,,
health,Taking steps to reduce exposure to foodborne pathogens such as bacteria or viruses can help prevent foodborne illnesses and protect overall health.,,,,,,,,,,
health,"Practicing good respiratory hygiene, such as covering your mouth and nose when coughing or sneezing, can help prevent the spread of respiratory illnesses such as the flu.",,,,,,,,,,
health,Engaging in regular relaxation activities such as spending time in nature or listening to calming music can help reduce stress and improve overall mental health.,,,,,,,,,,
health,Taking steps to reduce exposure to pesticides and other agricultural chemicals can help protect overall health and reduce the risk of toxic exposure-related health problems.,,,,,,,,,,
health,Practicing safe lifting techniques and using proper equipment can help reduce the risk of injuries and musculoskeletal problems in manual labor jobs.,,,,,,,,,,
health,"Engaging in regular activities that promote social connection, such as volunteering or joining a club, can help reduce feelings of social isolation and improve overall mental health.",,,,,,,,,,
health,Taking steps to reduce exposure to waterborne pathogens such as bacteria or parasites can help prevent waterborne illnesses and protect overall health.,,,,,,,,,,
health,"Practicing good eye hygiene, such as washing hands before touching your eyes and avoiding sharing eye makeup, can help prevent eye infections and protect overall eye health.",,,,,,,,,,
health,Engaging in regular cognitive exercises such as reading or learning a new skill can help improve cognitive function and reduce the risk of age-related cognitive decline.,,,,,,,,,,
health,Taking steps to reduce exposure to noise-induced hearing loss by wearing ear protection in noisy environments can help protect overall hearing health.,,,,,,,,,,
promo,"""Don't miss out on our limited-time offer! Get 20% off your purchase today with code SAVE20.""",,,,,,,,,,
promo,"""Introducing our newest product - the perfect solution to all your skincare needs. Shop now and see the difference!""",,,,,,,,,,
promo,"""Get exclusive access to our pre-sale event and be the first to grab the latest fashion trends. Sign up now!""",,,,,,,,,,
promo,"""Upgrade your workout routine with our high-quality fitness equipment. Order now and start seeing results!""",,,,,,,,,,
promo,"""For a limited time only, enjoy free shipping on all orders. Don't wait - start shopping today!""",,,,,,,,,,
promo,"""Join our loyalty program and earn rewards every time you shop. Plus, get access to exclusive discounts and offers.""",,,,,,,,,,
promo,"""Looking for the perfect gift? Check out our gift guide and find something special for every occasion.""",,,,,,,,,,
promo,"""Say goodbye to dry skin with our moisturizing lotion - now with a new and improved formula. Order now and feel the difference!""",,,,,,,,,,
promo,"""Celebrate the season with our festive collection of holiday decor. Shop now and make your home merry and bright!""",,,,,,,,,,
promo,"""Get ready for summer with our stylish swimsuits and beachwear. Shop now and make a splash!""",,,,,,,,,,
promo,"""Upgrade your home office with our selection of ergonomic chairs and desks. Order now and improve your productivity!""",,,,,,,,,,
promo,"""Experience the luxury of our premium bedding and linens. Shop now and transform your bedroom into a sanctuary!""",,,,,,,,,,
promo,"""Join our mailing list and stay up-to-date on the latest trends, sales, and promotions. Don't miss out!""",,,,,,,,,,
promo,"""Discover the power of natural ingredients with our skincare line. Order now and see the difference for yourself!""",,,,,,,,,,
promo,"""Get your glow on with our selection of makeup and beauty products. Shop now and shine bright!""",,,,,,,,,,
promo,"""Need a last-minute gift? We've got you covered with our e-gift cards. Order now and send the perfect present in seconds!""",,,,,,,,,,
promo,"""Shop our clearance section and save up to 50% on select items. Don't wait - these deals won't last forever!""",,,,,,,,,,
promo,"""Make mealtime easy and delicious with our selection of gourmet food and meal kits. Order now and enjoy restaurant-quality meals at home!""",,,,,,,,,,
promo,"""Upgrade your travel game with our selection of luggage and accessories. Shop now and make every trip a breeze!""",,,,,,,,,,
promo,"""Experience the convenience of online shopping with our easy-to-use website and mobile app. Order now and enjoy hassle-free shopping!""",,,,,,,,,,
promo,"""Get inspired with our selection of home decor and accessories. Shop now and transform your space into a work of art!""",,,,,,,,,,
promo,"""Stay cool and comfortable this summer with our selection of air conditioners and fans. Order now and beat the heat!""",,,,,,,,,,
promo,"""Join our referral program and earn rewards for every friend you refer. Plus, give your friends a discount on their first purchase!""",,,,,,,,,,
promo,"""Upgrade your grooming routine with our selection of men's grooming products. Order now and look and feel your best!""",,,,,,,,,,
promo,"""Looking for a unique gift? Check out our personalized options and make it extra special. Shop now!""",,,,,,,,,,
promo,"""Discover the benefits of aromatherapy with our selection of essential oils and diffusers. Order now and create a relaxing atmosphere at home!""",,,,,,,,,,
promo,"""Get your pet essentials delivered to your doorstep with our subscription service. Sign up now and never run out of pet supplies again!""",,,,,,,,,,
promo,"""Make a statement with our selection of statement jewelry. Shop now and add some sparkle to your outfit!""",,,,,,,,,,
promo,"""Say goodbye to clutter with our selection of organization and storage solutions. Order now and simplify your life!""",,,,,,,,,,
promo,"""Experience the luxury of our premium bedding and linens. Shop now and transform",,,,,,,,,,
promo,"""Get fit in style with our selection of workout gear. Order now and make your workout routine fashionable!""",,,,,,,,,,
promo,"""Find your perfect match with our selection of online dating services. Join now and start swiping!""",,,,,,,,,,
promo,"""Upgrade your skincare routine with our selection of anti-aging products. Order now and turn back the clock!""",,,,,,,,,,
promo,"""Join our VIP program and get access to exclusive sales and discounts. Sign up now and start saving!""",,,,,,,,,,
promo,"""Experience the comfort of our memory foam mattresses. Order now and wake up feeling refreshed!""",,,,,,,,,,
promo,"""Stay safe and stylish with our selection of face masks and coverings. Shop now and protect yourself and others!""",,,,,,,,,,
promo,"""Get the perfect look for any occasion with our selection of makeup and beauty products. Shop now and slay!""",,,,,,,,,,
promo,"""Find the perfect gift for the tech lover in your life with our selection of electronics and gadgets. Shop now and wow them!""",,,,,,,,,,
promo,"""Stay organized and on top of your schedule with our selection of planners and calendars. Order now and stay ahead of the game!""",,,,,,,,,,
promo,"""Get the perfect shot with our selection of photography equipment and accessories. Shop now and capture every moment!""",,,,,,,,,,
promo,"""Find your signature scent with our selection of perfumes and colognes. Shop now and smell amazing!""",,,,,,,,,,
promo,"""Stay cozy and warm this winter with our selection of blankets and throws. Order now and snuggle up!""",,,,,,,,,,
promo,"""Get the perfect smile with our selection of teeth whitening products. Order now and show off those pearly whites!""",,,,,,,,,,
promo,"""Join our rewards program and earn points for every purchase. Redeem your points for discounts and freebies!""",,,,,,,,,,
promo,"""Stay hydrated and healthy with our selection of water bottles and hydration solutions. Order now and drink up!""",,,,,,,,,,
promo,"""Find your zen with our selection of meditation and relaxation tools. Shop now and find inner peace!""",,,,,,,,,,
promo,"""Get the perfect fit with our selection of plus-size clothing. Shop now and embrace your curves!""",,,,,,,,,,
promo,"""Join our social media community and be the first to know about the latest trends and products. Follow us now!""",,,,,,,,,,
promo,"""Stay cool and stylish with our selection of sunglasses and eyewear. Shop now and shade your eyes!""",,,,,,,,,,
promo,"""Get the perfect summer look with our selection of swimwear and beachwear. Shop now and soak up the sun!""",,,,,,,,,,
promo,"""Find the perfect gift for the book lover in your life with our selection of bestsellers and classics. Shop now and curl up with a good read!""",,,,,,,,,,
promo,"""Join our wellness program and get access to fitness classes and nutrition advice. Sign up now and start your journey to wellness!""",,,,,,,,,,
promo,"""Stay connected with our selection of mobile phones and accessories. Shop now and stay in touch!""",,,,,,,,,,
promo,"""Find your perfect fit with our selection of bras and lingerie. Shop now and feel confident!""",,,,,,,,,,
promo,"""Upgrade your gaming experience with our selection of consoles and accessories. Order now and level up!""",,,,,,,,,,
promo,"""Get the perfect home theater experience with our selection of TVs and sound systems. Order now and enjoy the show!""",,,,,,,,,,
promo,"""Find your perfect shade with our selection of makeup and beauty products. Shop now and slay!""",,,,,,,,,,
promo,"""Join our wine club and get access to exclusive wines and tasting events. Sign up now and raise a glass!""",,,,,,,,,,
promo,"""Stay organized on the go with our selection of backpacks and travel bags. Order now and hit the road!""",,,,,,,,,,
promo,"""Get the perfect look for any occasion with our selection of clothing and accessories. Shop now and turn heads!""",,,,,,,,,,
promo,"""Upgrade your gaming setup with our selection of gaming chairs and desks. Shop now and play in comfort!""",,,,,,,,,,
promo,"""Get the perfect sound with our selection of headphones and earbuds. Shop now and immerse yourself in music!""",,,,,,,,,,
promo,"""Find the perfect gift for the jewelry lover in your life with our selection of rings, necklaces, and earrings. Shop now and dazzle them!""",,,,,,,,,,
promo,"""Join our subscription box service and get a surprise package of goodies every month. Sign up now and treat yourself!""",,,,,,,,,,
promo,"""Stay comfortable and stylish with our selection of athleisure wear. Shop now and take on the day!""",,,,,,,,,,
promo,"""Get the perfect shave with our selection of razors and shaving products. Order now and look sharp!""",,,,,,,,,,
promo,"""Find the perfect pet supplies for your furry friend with our selection of food, toys, and accessories. Shop now and spoil them!""",,,,,,,,,,
promo,"""Join our loyalty program and get rewarded for your purchases. Earn points and redeem them for discounts and freebies!""",,,,,,,,,,
promo,"""Stay organized at home with our selection of storage solutions and organizers. Order now and declutter!""",,,,,,,,,,
promo,"""Get the perfect brew with our selection of coffee makers and accessories. Shop now and start your day right!""",,,,,,,,,,
promo,"""Find the perfect scent for your home with our selection of candles and diffusers. Shop now and create a cozy atmosphere!""",,,,,,,,,,
promo,"""Join our meal delivery service and enjoy delicious and healthy meals delivered to your door. Sign up now and eat well!""",,,,,,,,,,
promo,"""Stay active and healthy with our selection of fitness equipment and accessories. Shop now and get moving!""",,,,,,,,,,
promo,"""Get the perfect glow with our selection of skincare products. Shop now and reveal your radiance!""",,,,,,,,,,
promo,"""Find the perfect luggage for your next trip with our selection of suitcases and travel bags. Shop now and travel in style!""",,,,,,,,,,
promo,"""Join our email list and get access to exclusive sales and promotions. Sign up now and save big!""",,,,,,,,,,
promo,"""Stay safe on the road with our selection of car safety products and accessories. Shop now and drive with peace of mind!""",,,,,,,,,,
promo,"""Get the perfect hairstyle with our selection of hair care products and tools. Shop now and rock your locks!""",,,,,,,,,,
promo,"""Find the perfect gift for the foodie in your life with our selection of gourmet foods and cooking supplies. Shop now and indulge!""",,,,,,,,,,
promo,"""Join our rewards program and get access to member-only discounts and events. Sign up now and get more for your money!""",,,,,,,,,,
promo,"""Upgrade your home entertainment system with our selection of TVs and soundbars. Shop now and enjoy the ultimate viewing experience!""",,,,,,,,,,
promo,"""Find the perfect accessory for your outfit with our selection of handbags and purses. Shop now and complete your look!""",,,,,,,,,,
promo,"""Join our beauty subscription box service and receive a curated selection of makeup and skincare products every month. Sign up now and glow up!""",,,,,,,,,,
promo,"""Stay cozy and warm this winter with our selection of blankets and throws. Shop now and snuggle up!""",,,,,,,,,,
promo,"""Get the perfect fit with our selection of clothing in a range of sizes and styles. Shop now and look your best!""",,,,,,,,,,
promo,"""Find the perfect toy for your child with our selection of educational and fun toys. Shop now and spark their imagination!""",,,,,,,,,,
promo,"""Join our community and get access to exclusive content, events, and discounts. Sign up now and connect with like-minded people!""",,,,,,,,,,
promo,"""Stay hydrated and healthy with our selection of water bottles and hydration packs. Shop now and drink up!""",,,,,,,,,,
promo,"""Get the perfect shot with our selection of cameras and accessories. Shop now and capture your memories!""",,,,,,,,,,
promo,"""Find the perfect piece of art for your home with our selection of paintings, prints, and sculptures. Shop now and decorate with style!""",,,,,,,,,,
promo,"""Join our wellness program and get access to classes and resources to improve your mental and physical health. Sign up now and feel your best!""",,,,,,,,,,
promo,"""Stay connected with our selection of smartphones and tablets. Shop now and never miss a beat!""",,,,,,,,,,
promo,"""Get the perfect garden with our selection of seeds, plants, and gardening tools. Shop now and grow your own!""",,,,,,,,,,
promo,"""Find the perfect book for your next read with our selection of bestsellers and new releases. Shop now and get lost in a story!""",,,,,,,,,,
promo,"""Join our loyalty club and earn points on your purchases that can be redeemed for discounts and free products. Sign up now and save!""",,,,,,,,,,
promo,"""Stay safe and stylish with our selection of face masks and accessories. Shop now and protect yourself and others!""",,,,,,,,,,
promo,"""Get the perfect gift for the tech lover in your life with our selection of gadgets and electronics. Shop now and tech it up!""",,,,,,,,,,
promo,"""Find the perfect furniture for your home with our selection of sofas, chairs, and tables. Shop now and make your space cozy and inviting!""",,,,,,,,,,
promo,"""Join our fitness challenge and get access to workouts, meal plans, and coaching. Sign up now and transform your body!""",,,,,,,,,,
promo,"""Stay organized and efficient with our selection of office supplies and equipment. Shop now and get things done!""",,,,,,,,,,
trans,Your recent transfer of [amount] has been completed successfully. Please log in to your account to view the transaction details.,,,,,,,,,,
trans,Your account has been charged a returned item fee. Please log in to your account to view the details.,,,,,,,,,,
trans,We are writing to inform you that your debit card has been locked due to multiple incorrect PIN attempts. Please contact our customer service to reset your PIN.,,,,,,,,,,
trans,Your recent transaction of [amount] at [merchant] has been processed successfully. Please log in to your account to view the details.,,,,,,,,,,
trans,Your account has been credited with a bonus interest rate. Thank you for maintaining a high balance in your account!,,,,,,,,,,
trans,We are pleased to inform you that your application for a business loan has been approved. Please log in to your account to view the terms and conditions.,,,,,,,,,,
trans,Your account has been charged an insufficient funds fee. Please log in to your account to view the details.,,,,,,,,,,
trans,We are writing to confirm that your recent bill payment of [amount] has been processed. Please,,,,,,,,,,
trans,Your account has been charged an overdraft fee. Please log in to your account to view the details.,,,,,,,,,,
trans,We are writing to inform you that your credit card payment is past due. Please make a payment as soon as possible to avoid further fees.,,,,,,,,,,
trans,Your account has been credited with a cashback reward of [amount]. Thank you for being a loyal customer!,,,,,,,,,,
trans,We are pleased to inform you that your application for a personal loan has been approved. Please log in to your account to view the terms and conditions.,,,,,,,,,,
trans,Your account has been charged a monthly maintenance fee. Please log in to your account to view the details.,,,,,,,,,,
trans,We are writing to inform you that your account has been frozen due to suspicious activity. Please contact our fraud department to resolve this issue.,,,,,,,,,,
trans,Your recent transaction of [amount] at [merchant] has been declined due to a card error. Please contact our customer service to resolve this issue.,,,,,,,,,,
trans,Your account has been credited with a referral reward of [amount]. Thank you for recommending our services to others!,,,,,,,,,,
trans,We are pleased to inform you that your application for a mortgage loan has been approved. Please log in to your account to view the terms and conditions.,,,,,,,,,,
trans,Your account has been charged an early withdrawal fee. Please log in to your account to view the details.,,,,,,,,,,
trans,We are writing to inform you that your credit card has been compromised. Please contact our customer service to report any unauthorized transactions.,,,,,,,,,,
trans,Your recent transaction of [amount] at [merchant] has been declined due to a technical error. Please try again later or contact our customer service for assistance.,,,,,,,,,,
trans,Your account has been credited with a cash advance of [amount]. Thank you for using our services!,,,,,,,,,,
trans,We are pleased to inform you that your application for a business credit card has been approved. Please log in to your account to view the terms and conditions.,,,,,,,,,,
trans,Your account has been charged a minimum balance fee. Please log in to your account to view the details.,,,,,,,,,,
trans,We are writing to inform you that your account has been closed due to inactivity. Please contact our customer service to reopen your account.,,,,,,,,,,
trans,Your recent transaction of [amount] at [merchant] has been declined due to a fraud alert. Please contact our customer service to verify the transaction.,,,,,,,,,,
trans,Your account has been credited with an interest payment of [amount]. Thank you for keeping a balance in your account!,,,,,,,,,,
trans,We are pleased to inform you that your application for a personal line of credit has been approved. Please log in to your account to view the terms and conditions.,,,,,,,,,,
trans,Your account has been charged a paper statement fee. Please log in to your account to opt-in for electronic statements.,,,,,,,,,,
trans,We are writing to confirm that your recent wire transfer of [amount] has been processed. Please log in to your account to view the details.,,,,,,,,,,
trans,Your recent transaction of [amount] at [merchant] has been refunded. Please log in to your account to view the details.,,,,,,,,,,
trans,Your account has been credited with a loyalty bonus of [amount]. Thank you for being a valued customer!,,,,,,,,,,
trans,We are pleased to inform you that your application for a personal credit card has been approved. Please log in to your account to view the terms and conditions.,,,,,,,,,,
trans,Your account has been charged a foreign ATM withdrawal fee. Please log in to your account to view the details.,,,,,,,,,,
trans,We are writing to inform you that your account has been closed due to multiple overdrafts. Please contact our customer service.,,,,,,,,,,
trans,Your account has been charged an overdraft fee. Please log in to your account to view the details.,,,,,,,,,,
trans,We are writing to inform you that your credit card payment is past due. Please make a payment as soon as possible to avoid further fees.,,,,,,,,,,
trans,Your account has been credited with a cashback reward of [amount]. Thank you for being a loyal customer!,,,,,,,,,,
trans,We are pleased to inform you that your application for a personal loan has been approved. Please log in to your account to view the terms and conditions.,,,,,,,,,,
trans,Your account has been charged a monthly maintenance fee. Please log in to your account to view the details.,,,,,,,,,,
trans,We are writing to inform you that your account has been frozen due to suspicious activity. Please contact our fraud department to resolve this issue.,,,,,,,,,,
trans,Your recent transaction of [amount] at [merchant] has been declined due to a card error. Please contact our customer service to resolve this issue.,,,,,,,,,,
trans,Your account has been credited with a referral reward of [amount]. Thank you for recommending our services to others!,,,,,,,,,,
trans,We are pleased to inform you that your application for a mortgage loan has been approved. Please log in to your account to view the terms and conditions.,,,,,,,,,,
trans,Your account has been charged an early withdrawal fee. Please log in to your account to view the details.,,,,,,,,,,
trans,We are writing to inform you that your credit card has been compromised. Please contact our customer service to report any unauthorized transactions.,,,,,,,,,,
trans,Your recent transaction of [amount] at [merchant] has been declined due to a technical error. Please try again later or contact our customer service for assistance.,,,,,,,,,,
trans,Your account has been credited with a cash advance of [amount]. Thank you for using our services!,,,,,,,,,,
trans,We are pleased to inform you that your application for a business credit card has been approved. Please log in to your account to view the terms and conditions.,,,,,,,,,,
trans,Your account has been charged a minimum balance fee. Please log in to your account to view the details.,,,,,,,,,,
trans,We are writing to inform you that your account has been closed due to inactivity. Please contact our customer service to reopen your account.,,,,,,,,,,
trans,Your recent transaction of [amount] at [merchant] has been declined due to a fraud alert. Please contact our customer service to verify the transaction.,,,,,,,,,,
trans,Your account has been credited with an interest payment of [amount]. Thank you for keeping a balance in your account!,,,,,,,,,,
trans,We are pleased to inform you that your application for a personal line of credit has been approved. Please log in to your account to view the terms and conditions.,,,,,,,,,,
trans,Your account has been charged a paper statement fee. Please log in to your account to opt-in for electronic statements.,,,,,,,,,,
trans,We are writing to confirm that your recent wire transfer of [amount] has been processed. Please log in to your account to view the details.,,,,,,,,,,
trans,Your recent transaction of [amount] at [merchant] has been refunded. Please log in to your account to view the details.,,,,,,,,,,
trans,Your account has been credited with a loyalty bonus of [amount]. Thank you for being a valued customer!,,,,,,,,,,
trans,We are pleased to inform you that your application for a personal credit card has been approved. Please log in to your account to view the terms and conditions.,,,,,,,,,,
trans,Your account has been charged a foreign ATM withdrawal fee. Please log in to your account to view the details.,,,,,,,,,,
trans,We are writing to inform you that your account has been closed due to multiple overdrafts. Please contact our customer service to resolve this issue.,,,,,,,,,,
trans,Your account statement for the month of [month] is now available. Please log in to your account to view it.,,,,,,,,,,
trans,Your recent transaction of [amount] at [merchant] has been approved. Thank you for using our services!,,,,,,,,,,
trans,We are writing to inform you that there has been a change to the interest rate on your account. Please log in to your account to view the new rate.,,,,,,,,,,
trans,Your account balance is currently [balance]. Please make sure to keep sufficient funds in your account to avoid overdraft fees.,,,,,,,,,,
trans,Thank you for updating your account information. Your changes have been saved and your account is now up to date.,,,,,,,,,,
trans,We are pleased to inform you that your loan application has been approved. Please log in to your account to view the terms and conditions.,,,,,,,,,,
trans,Your credit card statement for the month of [month] is now available. Please log in to your account to view it.,,,,,,,,,,
trans,Your recent transaction of [amount] at [merchant] has been declined. Please contact our customer service if you have any questions.,,,,,,,,,,
trans,We regret to inform you that your account has been overdrawn. Please make a deposit to your account as soon as possible to avoid further fees.,,,,,,,,,,
trans,We are writing to confirm that your recent wire transfer has been processed. Please log in to your account to view the details.,,,,,,,,,,
trans,Your account has been temporarily suspended due to suspicious activity. Please contact our fraud department to resolve this issue.,,,,,,,,,,
trans,We are pleased to inform you that you have been approved for a credit limit increase. Please log in to your account to view the new limit.,,,,,,,,,,
trans,Your recent credit card application has been denied. Please contact our customer service for more information.,,,,,,,,,,
trans,Your account balance is currently below the minimum required balance. Please make a deposit to your account to avoid fees.,,,,,,,,,,
trans,We are writing to inform you that your account has been credited with a refund of [amount]. Please log in to your account to view the details.,,,,,,,,,,
trans,Your debit card has been temporarily blocked due to suspicious activity. Please contact our customer service to resolve this issue.,,,,,,,,,,
trans,We are pleased to inform you that your application for a personal loan has been approved. Please log in to your account to view the terms and conditions.,,,,,,,,,,
trans,Your account has been charged a monthly maintenance fee. Please log in to your account to view the details.,,,,,,,,,,
trans,We are writing to inform you that your account has been upgraded to a premium account. Please log in to your account to view the new features.,,,,,,,,,,
trans,Your recent transaction of [amount] at [merchant] is pending. Please log in to your account to view the details.,,,,,,,,,,
trans,Your account has been credited with a cashback reward of [amount]. Thank you for using our services!,,,,,,,,,,
trans,We are pleased to inform you that your application for a mortgage loan has been approved. Please log in to your account to view the terms and conditions.,,,,,,,,,,
trans,Your account has been temporarily locked due to multiple failed login attempts. Please contact our customer service to reset your password.- Your account has been charged an insufficient funds fee.,,,,,,,,,,
trans,Please make a deposit to your account to avoid further fees.,,,,,,,,,,
trans,We are writing to inform you that your account has been closed. Please contact our customer service for more information.,,,,,,,,,,
